,tablename
194,afbr70fl
233,albr50fl
182,ambr42fl
58,ambr61fl
253,aobr61fl
175,azbr52fl
297,bdbr31fl
166,bdbr3afl
193,bdbr41fl
90,bdbr4jfl
257,bdbr51fl
122,bdbr61fl
41,bdbr70fl
280,bfbr21fl
83,bfbr31fl
8,bfbr43fl
306,bfbr62fl
248,bjbr31fl
349,bjbr41fl
265,bjbr51fl
48,bjbr61fl
207,bobr01fl
135,bobr31fl
109,bobr3bfl
210,bobr41fl
156,bobr51fl
88,brbr01fl
234,brbr21fl
247,brbr31fl
357,bubr01fl
299,bubr61fl
158,cdbr50fl
281,cdbr61fl
301,cfbr31fl
230,cgbr51fl
106,cgbr60fl
289,cibr35fl
71,cibr3afl
342,cibr50fl
89,cibr61fl
235,cmbr22fl
327,cmbr31fl
264,cmbr44fl
170,cmbr61fl
99,cobr01fl
22,cobr22fl
54,cobr31fl
244,cobr41fl
285,cobr53fl
275,drbr01fl
343,drbr21fl
217,drbr32fl
355,drbr41fl
121,drbr4afl
33,drbr52fl
103,drbr5afl
94,drbr61fl
283,drbr6afl
9,ecbr01fl
195,egbr01fl
240,egbr21fl
324,egbr33fl
42,egbr42fl
212,egbr4afl
226,egbr5afl
98,egbr61fl
192,esbr01fl
43,etbr41fl
164,etbr51fl
209,etbr61fl
6,gabr41fl
277,gabr60fl
365,ghbr02fl
363,ghbr31fl
241,ghbr41fl
117,ghbr4bfl
181,ghbr5afl
228,ghbr72fl
51,gnbr41fl
293,gnbr52fl
331,gnbr61fl
329,gubr01fl
100,gubr34fl
62,gubr41fl
61,gubr71fl
292,gybr51fl
133,gybr5ifl
356,hnbr52fl
284,hnbr62fl
183,htbr31fl
279,htbr42fl
344,htbr52fl
254,htbr61fl
82,iabr23fl
294,iabr42fl
2,iabr52fl
160,idbr01fl
161,idbr21fl
351,idbr31fl
74,idbr3afl
56,idbr42fl
46,idbr51fl
29,idbr63fl
104,jobr21fl
362,jobr31fl
172,jobr42fl
314,jobr51fl
205,jobr61fl
206,jobr6cfl
358,kebr03fl
86,kebr33fl
340,kebr3afl
10,kebr52fl
352,kebr70fl
227,khbr42fl
149,khbr51fl
200,khbr61fl
258,khbr72fl
305,kkbr31fl
128,kkbr42fl
317,kmbr32fl
13,kmbr61fl
32,kybr31fl
303,kybr61fl
14,lbbr01fl
59,lbbr51fl
338,lbbr5afl
316,lbbr6afl
336,lkbr02fl
302,lsbr41fl
315,lsbr61fl
47,lsbr71fl
91,mabr01fl
34,mabr21fl
201,mabr43fl
137,mbbr53fl
245,mdbr21fl
307,mdbr31fl
341,mdbr41fl
333,mdbr51fl
49,mlbr01fl
222,mlbr32fl
174,mlbr41fl
296,mlbr53fl
197,mlbr6hfl
348,mwbr22fl
354,mwbr41fl
157,mwbr4dfl
298,mwbr61fl
55,mwbr7hfl
68,mxbr01fl
213,mzbr31fl
231,mzbr41fl
313,mzbr62fl
21,ncbr31fl
242,ncbr41fl
38,ngbr21fl
19,ngbr4bfl
15,ngbr53fl
287,ngbr61fl
111,ngbr6afl
308,nibr22fl
69,nibr31fl
64,nibr51fl
178,nibr61fl
187,nmbr21fl
112,nmbr41fl
123,nmbr51fl
60,nmbr61fl
353,npbr31fl
278,npbr41fl
25,npbr51fl
173,npbr60fl
45,osbr01fl
1,pebr01fl
150,pebr21fl
177,pebr31fl
270,pebr41fl
136,pebr51fl
50,pebr5ifl
113,pebr61fl
4,pebr6afl
92,pebr6ifl
116,phbr31fl
185,phbr3bfl
35,phbr41fl
243,phbr52fl
7,phbr61fl
366,pkbr21fl
93,pkbr52fl
37,pkbr61fl
139,pybr21fl
188,rwbr21fl
80,rwbr41fl
44,rwbr53fl
224,rwbr5afl
225,rwbr61fl
196,rwbr70fl
134,sdbr02fl
146,slbr51fl
339,slbr61fl
208,snbr02fl
148,snbr21fl
26,snbr32fl
162,snbr4hfl
102,snbr5hfl
11,snbr61fl
325,snbr6dfl
266,snbr7hfl
223,stbr50fl
259,szbr51fl
145,tdbr31fl
176,tdbr41fl
78,tdbr71fl
129,tgbr01fl
220,tgbr31fl
219,tgbr61fl
127,thbr01fl
101,tlbr61fl
115,tnbr02fl
304,trbr31fl
326,trbr41fl
66,trbr4afl
218,ttbr01fl
81,tzbr21fl
332,tzbr3afl
291,tzbr41fl
232,tzbr4ifl
249,tzbr51fl
31,tzbr63fl
229,tzbr6afl
126,tzbr7hfl
350,uabr51fl
165,ugbr01fl
105,ugbr33fl
330,ugbr41fl
16,ugbr52fl
28,ugbr5hfl
124,ugbr60fl
17,uzbr31fl
198,vnbr31fl
163,vnbr41fl
171,yebr21fl
70,yebr61fl
260,zabr31fl
75,zmbr21fl
269,zmbr31fl
114,zmbr42fl
125,zmbr51fl
12,zmbr61fl
87,zwbr01fl
256,zwbr31fl
159,zwbr42fl
76,zwbr52fl
290,zwbr62fl
337,zwbr70fl
